{
  "training_time": 2169.1463193893433,
  "total_params": 1266083,
  "trainable_params": 1266083,
  "vocab_size": 7677,
  "final_epoch": 130,
  "best_train_loss": 0.0010234983165682784,
  "best_val_loss": 0.11311519095828484,
  "best_train_acc": 0.9993650793650793,
  "best_val_acc": 0.9805555555555555,
  "best_val_f1": 0.9803907836683241,
  "best_val_precision": 0.9802455444657279,
  "best_val_recall": 0.980541606886657,
  "best_val_auc_roc": 0.995738183484776
}