{
  "training_time": 111.91627144813538,
  "total_params": 1166755,
  "trainable_params": 1166755,
  "vocab_size": 7677,
  "final_epoch": 10,
  "best_train_loss": 0.030936671837009485,
  "best_val_loss": 0.04755353693296153,
  "best_train_acc": 0.986984126984127,
  "best_val_acc": 0.9794444444444445,
  "best_val_f1": 0.9750210009920655,
  "best_val_precision": 0.975870386990342,
  "best_val_recall": 0.974302068388331,
  "best_val_auc_roc": 0.9979052088315
}